<?xml version='1.0' encoding='UTF-8'?>
<?artifactRepository version='1.1.0'?>
<repository name='Bundle pool' type='org.eclipse.equinox.p2.artifact.repository.simpleRepository' version='1'>
  <properties size='2'>
    <property name='p2.system' value='true'/>
    <property name='p2.timestamp' value='1606812916462'/>
  </properties>
  <mappings size='3'>
    <rule filter='(&amp; (classifier=osgi.bundle))' output='${repoUrl}/plugins/${id}_${version}.jar'/>
    <rule filter='(&amp; (classifier=binary))' output='${repoUrl}/binary/${id}_${version}'/>
    <rule filter='(&amp; (classifier=org.eclipse.update.feature))' output='${repoUrl}/features/${id}_${version}.jar'/>
  </mappings>
  <artifacts size='64'>
    <artifact classifier='osgi.bundle' id='javax.annotation' version='1.2.0.v201602091430'>
      <properties size='1'>
        <property name='download.size' value='29148'/>
      </properties>
    </artifact>
    <artifact classifier='osgi.bundle' id='org.eclipse.text' version='3.7.0.v20180822-1511'>
      <properties size='1'>
        <property name='download.size' value='285249'/>
      </properties>
    </artifact>
    <artifact classifier='osgi.bundle' id='org.eclipse.core.expressions' version='3.6.200.v20180817-1401'>
      <properties size='1'>
        <property name='download.size' value='94197'/>
      </properties>
    </artifact>
    <artifact classifier='osgi.bundle' id='org.eclipse.core.commands' version='3.9.200.v20180827-1727'>
      <properties size='1'>
        <property name='download.size' value='115725'/>
      </properties>
    </artifact>
    <artifact classifier='osgi.bundle' id='org.eclipse.jdt.debug' version='3.12.0.v20180827-1040'>
      <properties size='1'>
        <property name='download.size' value='949123'/>
      </properties>
      <repositoryProperties size='1'>
        <property name='artifact.folder' value='true'/>
      </repositoryProperties>
    </artifact>
    <artifact classifier='osgi.bundle' id='org.eclipse.core.resources' version='3.13.100.v20180828-0158'>
      <properties size='1'>
        <property name='download.size' value='890744'/>
      </properties>
    </artifact>
    <artifact classifier='osgi.bundle' id='org.eclipse.osgi' version='3.13.100.v20180827-1536'>
      <properties size='1'>
        <property name='download.size' value='1441175'/>
      </properties>
    </artifact>
    <artifact classifier='osgi.bundle' id='org.eclipse.xtext.util' version='2.11.0.v20170130-0808'>
      <properties size='1'>
        <property name='download.size' value='281004'/>
      </properties>
    </artifact>
    <artifact classifier='osgi.bundle' id='org.eclipse.jdt.core' version='3.15.0.v20180905-0317'>
      <properties size='1'>
        <property name='download.size' value='6859176'/>
      </properties>
    </artifact>
    <artifact classifier='osgi.bundle' id='org.eclipse.xtend' version='2.2.0.v201605260315'>
      <properties size='1'>
        <property name='download.size' value='547911'/>
      </properties>
    </artifact>
    <artifact classifier='osgi.bundle' id='org.eclipse.xtext.logging' version='1.2.15.v20170130-0818'>
      <properties size='1'>
        <property name='download.size' value='12565'/>
      </properties>
    </artifact>
    <artifact classifier='osgi.bundle' id='org.genivi.commonapi.core.cli' version='3.2.0.v202012010850'>
      <properties size='1'>
        <property name='download.size' value='12431'/>
      </properties>
    </artifact>
    <artifact classifier='osgi.bundle' id='org.eclipse.xtext.ecore' version='2.11.0.v20170131-1210'>
      <properties size='1'>
        <property name='download.size' value='15968'/>
      </properties>
    </artifact>
    <artifact classifier='osgi.bundle' id='org.apache.commons.cli' version='1.2.0.v201404270220'>
      <properties size='1'>
        <property name='download.size' value='49563'/>
      </properties>
    </artifact>
    <artifact classifier='osgi.bundle' id='org.eclipse.emf.mwe.utils' version='1.6.0.v20201119-2018'>
      <properties size='1'>
        <property name='download.size' value='38677'/>
      </properties>
    </artifact>
    <artifact classifier='osgi.bundle' id='org.eclipse.osgi.services' version='3.7.100.v20180827-1536'>
      <properties size='1'>
        <property name='download.size' value='125941'/>
      </properties>
    </artifact>
    <artifact classifier='osgi.bundle' id='org.eclipse.xtext' version='2.11.0.v20170130-0808'>
      <properties size='1'>
        <property name='download.size' value='2579141'/>
      </properties>
    </artifact>
    <artifact classifier='osgi.bundle' id='org.apache.commons.lang' version='2.6.0.v201404270220'>
      <properties size='1'>
        <property name='download.size' value='299233'/>
      </properties>
    </artifact>
    <artifact classifier='osgi.bundle' id='org.apache.commons.logging' version='1.2.0.v20180409-1502'>
      <properties size='1'>
        <property name='download.size' value='73163'/>
      </properties>
    </artifact>
    <artifact classifier='osgi.bundle' id='org.eclipse.emf.common' version='2.21.0.v20200917-1439'>
      <properties size='1'>
        <property name='download.size' value='375624'/>
      </properties>
    </artifact>
    <artifact classifier='osgi.bundle' id='org.antlr.runtime' version='3.2.0.v201101311130'>
      <properties size='1'>
        <property name='download.size' value='214589'/>
      </properties>
    </artifact>
    <artifact classifier='org.eclipse.update.feature' id='org.genivi.commonapi.console.franca.feature' version='3.2.0.v202012010850'>
      <properties size='1'>
        <property name='download.size' value='3020'/>
      </properties>
      <repositoryProperties size='1'>
        <property name='artifact.folder' value='true'/>
      </repositoryProperties>
    </artifact>
    <artifact classifier='osgi.bundle' id='org.eclipse.equinox.preferences' version='3.7.200.v20180827-1235'>
      <properties size='1'>
        <property name='download.size' value='133512'/>
      </properties>
    </artifact>
    <artifact classifier='osgi.bundle' id='org.eclipse.jdt.launching' version='3.11.0.v20180827-1040'>
      <properties size='1'>
        <property name='download.size' value='542251'/>
      </properties>
    </artifact>
    <artifact classifier='osgi.bundle' id='org.eclipse.core.filesystem' version='1.7.200.v20180828-0158'>
      <properties size='1'>
        <property name='download.size' value='66959'/>
      </properties>
    </artifact>
    <artifact classifier='osgi.bundle' id='org.eclipse.equinox.registry' version='3.8.100.v20180827-1235'>
      <properties size='1'>
        <property name='download.size' value='196213'/>
      </properties>
    </artifact>
    <artifact classifier='osgi.bundle' id='org.eclipse.equinox.launcher' version='1.5.100.v20180827-1352'>
      <properties size='1'>
        <property name='download.size' value='54576'/>
      </properties>
    </artifact>
    <artifact classifier='osgi.bundle' id='org.eclipse.emf.codegen.ecore' version='2.24.0.v20200917-1423'>
      <properties size='1'>
        <property name='download.size' value='1105927'/>
      </properties>
    </artifact>
    <artifact classifier='org.eclipse.update.feature' id='org.genivi.commonapi.core.cli.feature' version='3.2.0.v202012010850'>
      <properties size='1'>
        <property name='download.size' value='1973'/>
      </properties>
      <repositoryProperties size='1'>
        <property name='artifact.folder' value='true'/>
      </repositoryProperties>
    </artifact>
    <artifact classifier='osgi.bundle' id='com.google.guava' version='18.0.0.v20161115-1643'>
      <properties size='1'>
        <property name='download.size' value='2392511'/>
      </properties>
    </artifact>
    <artifact classifier='osgi.bundle' id='org.eclipse.xtend.typesystem.emf' version='2.2.0.v201605260315'>
      <properties size='1'>
        <property name='download.size' value='65909'/>
      </properties>
    </artifact>
    <artifact classifier='osgi.bundle' id='org.franca.deploymodel.dsl' version='0.13.1.201807231814'>
      <properties size='1'>
        <property name='download.size' value='766740'/>
      </properties>
    </artifact>
    <artifact classifier='osgi.bundle' id='org.eclipse.xtext.xbase.lib' version='2.11.0.v20170124-1424'>
      <properties size='1'>
        <property name='download.size' value='151500'/>
      </properties>
    </artifact>
    <artifact classifier='osgi.bundle' id='org.eclipse.equinox.common' version='3.10.100.v20180827-1235'>
      <properties size='1'>
        <property name='download.size' value='122058'/>
      </properties>
    </artifact>
    <artifact classifier='osgi.bundle' id='org.eclipse.xtend.lib.macro' version='2.11.0.v20170124-1424'>
      <properties size='1'>
        <property name='download.size' value='74234'/>
      </properties>
    </artifact>
    <artifact classifier='osgi.bundle' id='org.eclipse.debug.core' version='3.13.0.v20180821-1744'>
      <properties size='1'>
        <property name='download.size' value='397563'/>
      </properties>
    </artifact>
    <artifact classifier='osgi.bundle' id='org.franca.core' version='0.13.1.201807231814'>
      <properties size='1'>
        <property name='download.size' value='358218'/>
      </properties>
    </artifact>
    <artifact classifier='osgi.bundle' id='org.eclipse.emf.codegen' version='2.21.0.v20200708-0547'>
      <properties size='1'>
        <property name='download.size' value='368817'/>
      </properties>
    </artifact>
    <artifact classifier='osgi.bundle' id='org.eclipse.xtend.lib' version='2.11.0.v20170124-1424'>
      <properties size='1'>
        <property name='download.size' value='164854'/>
      </properties>
    </artifact>
    <artifact classifier='osgi.bundle' id='org.eclipse.emf.mwe2.runtime' version='2.12.0.v20201119-2018'>
      <properties size='1'>
        <property name='download.size' value='15048'/>
      </properties>
    </artifact>
    <artifact classifier='osgi.bundle' id='org.franca.deploymodel.ext.providers' version='0.13.1.201807231814'>
      <properties size='1'>
        <property name='download.size' value='20779'/>
      </properties>
    </artifact>
    <artifact classifier='osgi.bundle' id='org.eclipse.emf.ecore.xmi' version='2.16.0.v20190528-0725'>
      <properties size='1'>
        <property name='download.size' value='235078'/>
      </properties>
    </artifact>
    <artifact classifier='osgi.bundle' id='org.eclipse.equinox.app' version='1.3.600.v20180827-1235'>
      <properties size='1'>
        <property name='download.size' value='87773'/>
      </properties>
    </artifact>
    <artifact classifier='osgi.bundle' id='org.eclipse.core.variables' version='3.4.200.v20180821-1744'>
      <properties size='1'>
        <property name='download.size' value='36072'/>
      </properties>
    </artifact>
    <artifact classifier='osgi.bundle' id='com.ibm.icu' version='62.1.0.v20180727-1652'>
      <properties size='1'>
        <property name='download.size' value='12803651'/>
      </properties>
    </artifact>
    <artifact classifier='osgi.bundle' id='javax.xml' version='1.3.4.v201005080400'>
      <properties size='1'>
        <property name='download.size' value='237996'/>
      </properties>
    </artifact>
    <artifact classifier='osgi.bundle' id='org.eclipse.xtext.xtext.generator' version='2.11.0.v20170130-0808'>
      <properties size='1'>
        <property name='download.size' value='1015351'/>
      </properties>
    </artifact>
    <artifact classifier='osgi.bundle' id='org.eclipse.core.contenttype' version='3.7.100.v20180817-1401'>
      <properties size='1'>
        <property name='download.size' value='105557'/>
      </properties>
    </artifact>
    <artifact classifier='osgi.bundle' id='javax.inject' version='1.0.0.v20091030'>
      <properties size='1'>
        <property name='download.size' value='12288'/>
      </properties>
    </artifact>
    <artifact classifier='osgi.bundle' id='org.eclipse.xtext.generator' version='2.11.0.v20170131-1210'>
      <properties size='1'>
        <property name='download.size' value='865604'/>
      </properties>
    </artifact>
    <artifact classifier='osgi.bundle' id='org.genivi.commonapi.core' version='3.2.0.v202012010850'>
      <properties size='1'>
        <property name='download.size' value='672709'/>
      </properties>
    </artifact>
    <artifact classifier='osgi.bundle' id='org.eclipse.emf.mwe.core' version='1.6.0.v20201119-2018'>
      <properties size='1'>
        <property name='download.size' value='194400'/>
      </properties>
    </artifact>
    <artifact classifier='osgi.bundle' id='org.eclipse.osgi.util' version='3.5.100.v20180827-1536'>
      <properties size='1'>
        <property name='download.size' value='73347'/>
      </properties>
    </artifact>
    <artifact classifier='osgi.bundle' id='org.genivi.commonapi.console' version='3.2.0.v202012010850'>
      <properties size='1'>
        <property name='download.size' value='27610'/>
      </properties>
    </artifact>
    <artifact classifier='osgi.bundle' id='org.apache.log4j' version='1.2.15.v201012070815'>
      <properties size='1'>
        <property name='download.size' value='427939'/>
      </properties>
    </artifact>
    <artifact classifier='osgi.bundle' id='org.eclipse.equinox.launcher.win32.win32.x86' version='1.1.800.v20180827-1352'>
      <properties size='1'>
        <property name='download.size' value='73872'/>
      </properties>
      <repositoryProperties size='1'>
        <property name='artifact.folder' value='true'/>
      </repositoryProperties>
    </artifact>
    <artifact classifier='osgi.bundle' id='org.eclipse.core.jobs' version='3.10.100.v20180817-1215'>
      <properties size='1'>
        <property name='download.size' value='107688'/>
      </properties>
    </artifact>
    <artifact classifier='osgi.bundle' id='org.apache.ant' version='1.10.5.v20180808-0324'>
      <properties size='1'>
        <property name='download.size' value='2999219'/>
      </properties>
      <repositoryProperties size='1'>
        <property name='artifact.folder' value='true'/>
      </repositoryProperties>
    </artifact>
    <artifact classifier='osgi.bundle' id='org.franca.core.dsl' version='0.13.1.201807231814'>
      <properties size='1'>
        <property name='download.size' value='644806'/>
      </properties>
    </artifact>
    <artifact classifier='osgi.bundle' id='org.eclipse.emf.ecore' version='2.23.0.v20200630-0516'>
      <properties size='1'>
        <property name='download.size' value='1414761'/>
      </properties>
    </artifact>
    <artifact classifier='osgi.bundle' id='com.google.inject' version='3.0.0.v201605172100'>
      <properties size='1'>
        <property name='download.size' value='531525'/>
      </properties>
    </artifact>
    <artifact classifier='org.eclipse.update.feature' id='org.genivi.commonapi.console.feature' version='3.2.0.v202012010850'>
      <properties size='1'>
        <property name='download.size' value='2308'/>
      </properties>
      <repositoryProperties size='1'>
        <property name='artifact.folder' value='true'/>
      </repositoryProperties>
    </artifact>
    <artifact classifier='osgi.bundle' id='org.eclipse.xpand' version='2.2.0.v201605260315'>
      <properties size='1'>
        <property name='download.size' value='234190'/>
      </properties>
    </artifact>
    <artifact classifier='osgi.bundle' id='org.eclipse.core.runtime' version='3.15.0.v20180817-1401'>
      <properties size='1'>
        <property name='download.size' value='74618'/>
      </properties>
    </artifact>
  </artifacts>
</repository>
